{
  "trace_count": 128,
  "trace_var": 1.7037672400474548,
  "trace_var_mean": 1.0646551148274739,
  "dead_trace_ratio": 0.0,
  "target_local_peak_median": 0.938320065662906,
  "support_ratio": 0.9296875,
  "peak_offset_median_ns": -0.4172882080078466,
  "peak_offset_std_ns": 2.2116818607886586,
  "early_over_target": 39.895344928242444,
  "shallow_over_target": 0.08062170150961423,
  "mid_over_target": 0.03882379718375822,
  "post_over_target": 0.01131284460529088,
  "has_dominant_X": 0,
  "label_alignment_ok": 1,
  "polarity_match": 1,
  "qc_grade": "GREEN",
  "search_lo_sample": 225,
  "search_hi_sample": 329,
  "vis_min_ns": 364.61065673828125,
  "vis_max_ns": 409.9715576171875
}