{
  "trace_count": 128,
  "trace_var": 1.9089783430099487,
  "trace_var_mean": 1.0490099394247068,
  "dead_trace_ratio": 0.0,
  "target_local_peak_median": 0.9545141934362116,
  "support_ratio": 0.921875,
  "peak_offset_median_ns": -0.382568359375,
  "peak_offset_std_ns": 2.3048073683611636,
  "early_over_target": 36.98123849923245,
  "shallow_over_target": 0.10021750314531046,
  "mid_over_target": 0.038429704733798344,
  "post_over_target": 0.01066512134269116,
  "has_dominant_X": 0,
  "label_alignment_ok": 1,
  "polarity_match": 0,
  "qc_grade": "GREEN",
  "search_lo_sample": 225,
  "search_hi_sample": 325,
  "vis_min_ns": 365.1678771972656,
  "vis_max_ns": 404.6121520996094
}