{
  "trace_count": 128,
  "trace_var": 1.8962125182151794,
  "trace_var_mean": 1.2001631196471862,
  "dead_trace_ratio": 0.0,
  "target_local_peak_median": 0.9841359240095539,
  "support_ratio": 0.90625,
  "peak_offset_median_ns": -0.23811340332034092,
  "peak_offset_std_ns": 2.3937731953571793,
  "early_over_target": 36.73333344908162,
  "shallow_over_target": 0.09615213304234849,
  "mid_over_target": 0.03633906828091769,
  "post_over_target": 0.008753112887060679,
  "has_dominant_X": 0,
  "label_alignment_ok": 1,
  "polarity_match": 0,
  "qc_grade": "GREEN",
  "search_lo_sample": 228,
  "search_hi_sample": 325,
  "vis_min_ns": 369.8726806640625,
  "vis_max_ns": 405.3725280761719
}