{
  "trace_count": 128,
  "trace_var": 2.0059342980384827,
  "trace_var_mean": 1.2550141823721788,
  "dead_trace_ratio": 0.0,
  "target_local_peak_median": 0.9185647626530553,
  "support_ratio": 0.859375,
  "peak_offset_median_ns": -0.42581481933595455,
  "peak_offset_std_ns": 2.444182860390803,
  "early_over_target": 37.385508084191976,
  "shallow_over_target": 0.09269141503360957,
  "mid_over_target": 0.03661570381296232,
  "post_over_target": 0.015292844709728474,
  "has_dominant_X": 0,
  "label_alignment_ok": 1,
  "polarity_match": 1,
  "qc_grade": "GREEN",
  "search_lo_sample": 218,
  "search_hi_sample": 321,
  "vis_min_ns": 355.1221008300781,
  "vis_max_ns": 399.2996826171875
}