{
  "pilot_id": "SHAPE01_BASAL_GEOMETRY_PILOT",
  "formal_training_allowed": false,
  "promotion_allowed": false,
  "shape_count": 4,
  "families": [
    {
      "contract_id": "PGDA_BASAL_SHAPE_FAMILY_PILOT_V1",
      "scene_family_id": "BS01_FLAT_REFERENCE",
      "shape_name": "flat_reference",
      "formal_training_allowed": false,
      "promotion_allowed": false,
      "line9_conditioned": false,
      "case_ids": [
        "BS01_FLAT_REFERENCE_POS",
        "BS01_FLAT_REFERENCE_MATCHED_NEG"
      ],
      "shared_geometry_sha256": "39ce3f515ddf568f0985b55f2daf863fd0c00e39ded11c2df0bd6f53534f75f1",
      "shared_geometry_array_sha256": "8e6fd3af6662d9c358277b08b988962f022671aeeb59633b1d808c09e8699e53",
      "exact_negative_equivalence": true,
      "profile_shape_gate": {
        "shape_name": "flat_reference",
        "scan_depth_min_m": 15.2,
        "scan_depth_median_m": 15.2,
        "scan_depth_max_m": 15.2,
        "scan_depth_range_m": 0.0,
        "smoothed_extrema_count": 0,
        "quadratic_fit_r2": -39.23828125,
        "abs_slope_p95": 0.0,
        "broad_shape_gate_ok": true,
        "flat_ground": true,
        "generated_from_measured_arrays": false
      },
      "cover_field_statistics": {
        "seed": 2026072001,
        "coarse_shape": [
          1349,
          267
        ],
        "correlation_scales_m": {
          "long_xy": [
            9.0,
            3.0
          ],
          "meso_xy": [
            2.4,
            1.2
          ],
          "local_xy": [
            0.75,
            0.45
          ]
        },
        "component_weights": [
          0.55,
          0.3,
          0.15
        ],
        "used_bins": 32,
        "horizontal_neighbor_bin_change_rate": 0.058862407292954264,
        "vertical_neighbor_bin_change_rate": 0.11224285911607869,
        "vertical_spectral_peak_fraction_in_scan_cover": 0.40505038886150785,
        "quantile_thresholds": [
          -1.9138888120651245,
          -1.5257680416107178,
          -1.281114101409912,
          -1.1102052927017212,
          -0.973161518573761,
          -0.8530131578445435,
          -0.7418402433395386,
          -0.640512228012085,
          -0.550937294960022,
          -0.46817418932914734,
          -0.38928771018981934,
          -0.3098396360874176,
          -0.2330612987279892,
          -0.15801569819450378,
          -0.08356674760580063,
          -0.007748041767627001,
          0.06947765499353409,
          0.1492210030555725,
          0.22929708659648895,
          0.30761927366256714,
          0.3875665068626404,
          0.4717671871185303,
          0.5613550543785095,
          0.6576763987541199,
          0.7601308822631836,
          0.8712338805198669,
          0.9947900176048279,
          1.1359622478485107,
          1.3096181154251099,
          1.5291498899459839,
          1.8630552291870117
        ],
        "sinusoidal_stratigraphy": false,
        "isolated_inclusions": 0,
        "point_targets": 0,
        "vertical_partitions": 0
      },
      "preview": "BS01_FLAT_REFERENCE_GEOMETRY_PREVIEW.png",
      "next_gate": "static and geometry-only audit, then one-trace full/no-basal pair"
    },
    {
      "contract_id": "PGDA_BASAL_SHAPE_FAMILY_PILOT_V1",
      "scene_family_id": "BS02_BROAD_RISE",
      "shape_name": "broad_rise",
      "formal_training_allowed": false,
      "promotion_allowed": false,
      "line9_conditioned": false,
      "case_ids": [
        "BS02_BROAD_RISE_POS",
        "BS02_BROAD_RISE_MATCHED_NEG"
      ],
      "shared_geometry_sha256": "8500ae36afbd359a449556af3d3cd5cc319c8cd95cc9fbea3f93a19b9bb56ba8",
      "shared_geometry_array_sha256": "a28c648071f53ca832388bcfb631510ee810351d39da674e967f1be600e8f60a",
      "exact_negative_equivalence": true,
      "profile_shape_gate": {
        "shape_name": "broad_rise",
        "scan_depth_min_m": 15.448382634844936,
        "scan_depth_median_m": 15.80690095273297,
        "scan_depth_max_m": 16.019983265538357,
        "scan_depth_range_m": 0.5716006306934212,
        "smoothed_extrema_count": 1,
        "quadratic_fit_r2": 0.9785294647848929,
        "abs_slope_p95": 0.06663291424925259,
        "broad_shape_gate_ok": true,
        "flat_ground": true,
        "generated_from_measured_arrays": false
      },
      "cover_field_statistics": {
        "seed": 2026072001,
        "coarse_shape": [
          1349,
          267
        ],
        "correlation_scales_m": {
          "long_xy": [
            9.0,
            3.0
          ],
          "meso_xy": [
            2.4,
            1.2
          ],
          "local_xy": [
            0.75,
            0.45
          ]
        },
        "component_weights": [
          0.55,
          0.3,
          0.15
        ],
        "used_bins": 32,
        "horizontal_neighbor_bin_change_rate": 0.058862407292954264,
        "vertical_neighbor_bin_change_rate": 0.11224285911607869,
        "vertical_spectral_peak_fraction_in_scan_cover": 0.40505038886150785,
        "quantile_thresholds": [
          -1.9138888120651245,
          -1.5257680416107178,
          -1.281114101409912,
          -1.1102052927017212,
          -0.973161518573761,
          -0.8530131578445435,
          -0.7418402433395386,
          -0.640512228012085,
          -0.550937294960022,
          -0.46817418932914734,
          -0.38928771018981934,
          -0.3098396360874176,
          -0.2330612987279892,
          -0.15801569819450378,
          -0.08356674760580063,
          -0.007748041767627001,
          0.06947765499353409,
          0.1492210030555725,
          0.22929708659648895,
          0.30761927366256714,
          0.3875665068626404,
          0.4717671871185303,
          0.5613550543785095,
          0.6576763987541199,
          0.7601308822631836,
          0.8712338805198669,
          0.9947900176048279,
          1.1359622478485107,
          1.3096181154251099,
          1.5291498899459839,
          1.8630552291870117
        ],
        "sinusoidal_stratigraphy": false,
        "isolated_inclusions": 0,
        "point_targets": 0,
        "vertical_partitions": 0
      },
      "preview": "BS02_BROAD_RISE_GEOMETRY_PREVIEW.png",
      "next_gate": "static and geometry-only audit, then one-trace full/no-basal pair"
    },
    {
      "contract_id": "PGDA_BASAL_SHAPE_FAMILY_PILOT_V1",
      "scene_family_id": "BS03_DOUBLE_RELIEF",
      "shape_name": "double_relief",
      "formal_training_allowed": false,
      "promotion_allowed": false,
      "line9_conditioned": false,
      "case_ids": [
        "BS03_DOUBLE_RELIEF_POS",
        "BS03_DOUBLE_RELIEF_MATCHED_NEG"
      ],
      "shared_geometry_sha256": "171362021980e8c05e2022ba1e9a410d46916b497edbd7162abce41697410dc9",
      "shared_geometry_array_sha256": "9764c9e8d7de70def7a431edca47a2f16af5b420bb3c519ca34d002c0f88158a",
      "exact_negative_equivalence": true,
      "profile_shape_gate": {
        "shape_name": "double_relief",
        "scan_depth_min_m": 14.782940988336597,
        "scan_depth_median_m": 15.2188337967372,
        "scan_depth_max_m": 15.775313126100738,
        "scan_depth_range_m": 0.992372137764141,
        "smoothed_extrema_count": 2,
        "quadratic_fit_r2": 0.6556148287028056,
        "abs_slope_p95": 0.13370549106715646,
        "broad_shape_gate_ok": true,
        "flat_ground": true,
        "generated_from_measured_arrays": false
      },
      "cover_field_statistics": {
        "seed": 2026072001,
        "coarse_shape": [
          1349,
          267
        ],
        "correlation_scales_m": {
          "long_xy": [
            9.0,
            3.0
          ],
          "meso_xy": [
            2.4,
            1.2
          ],
          "local_xy": [
            0.75,
            0.45
          ]
        },
        "component_weights": [
          0.55,
          0.3,
          0.15
        ],
        "used_bins": 32,