{
  "contract_id": "PGDA_IV2_FAMILY03_INSTRUMENT_BAND_PILOT_V1",
  "scene_family_id": "IV2_F03_INSTRUMENT_BAND_WEAK_INTERFACE_PILOT",
  "lifecycle_state": "pre_solver_independent_pilot",
  "formal_training_allowed": false,
  "line9_conditioned": false,
  "decision_conditioned_on_held_out_morphology": false,
  "split_group_indivisible": true,
  "geometry_lineage_id": "IV2_GEOMETRY_G01",
  "case_ids": [
    "IV2_F03_INSTRUMENT_BAND_POS",
    "IV2_F03_MATCHED_BACKGROUND_NEG"
  ],
  "positive_case_id": "IV2_F03_INSTRUMENT_BAND_POS",
  "true_negative_case_id": "IV2_F03_MATCHED_BACKGROUND_NEG",
  "shared_geometry_sha256": "d45e2d5030f6994425924c6acc63802ee66085622f3641769b13ff2589bbffa4",
  "shared_geometry_array_sha256": "f2c59754d6ea6f56ef9798da133b103ec7f2fb582f6625bea20b875f78249703",
  "positive_control_materials_sha256": "d143d68b05a49d16843601b88217388284a047954263474d8bccdfe99706e575",
  "negative_full_materials_sha256": "d143d68b05a49d16843601b88217388284a047954263474d8bccdfe99706e575",
  "exact_negative_equivalence": true,
  "profile_shape_gate": {
    "accepted_seed": 2026071504,
    "attempt": 3,
    "scan_depth_min_m": 14.02506399154663,
    "scan_depth_median_m": 14.469343662261963,
    "scan_depth_max_m": 15.250253677368164,
    "scan_depth_range_m": 1.2251896858215332,
    "smoothed_extrema_count": 7,
    "quadratic_fit_r2": 0.8719280513416123,
    "abs_slope_p95": 0.14906942229661752,
    "broad_shape_gate_ok": true
  },
  "cover_field_statistics": {
    "seed": 2026071511,
    "coarse_shape": [
      1349,
      267
    ],
    "correlation_scales_m": {
      "long_xy": [
        9.0,
        3.0
      ],
      "meso_xy": [
        2.4,
        1.2
      ],
      "local_xy": [
        0.75,
        0.45
      ]
    },
    "component_weights": [
      0.55,
      0.3,
      0.15
    ],
    "used_bins": 32,
    "horizontal_neighbor_bin_change_rate": 0.05937314585908529,
    "vertical_neighbor_bin_change_rate": 0.10744054361624018,
    "vertical_spectral_peak_fraction_in_scan_cover": 0.972493636697754,
    "quantile_thresholds": [
      -2.037782907485962,
      -1.5862923860549927,
      -1.3160549402236938,
      -1.1296935081481934,
      -0.9738144278526306,
      -0.838457465171814,
      -0.7189549207687378,
      -0.612179696559906,
      -0.5135366320610046,
      -0.4211379885673523,
      -0.3307464122772217,
      -0.24520999193191528,
      -0.1637047380208969,
      -0.08699934184551239,
      -0.01293877325952053,
      0.060191117227077484,
      0.13386353850364685,
      0.20751029253005981,
      0.2819293439388275,
      0.3554540276527405,
      0.43123772740364075,
      0.5109686255455017,
      0.5932262539863586,
      0.6792747974395752,
      0.7715920805931091,
      0.8682642579078674,
      0.9716324210166931,
      1.092952013015747,
      1.241297721862793,
      1.435468316078186,
      1.7230854034423828
    ],
    "sinusoidal_stratigraphy": false,
    "isolated_inclusions": 0,
    "point_targets": 0,
    "vertical_partitions": 0
  },
  "preview": "IV2_F03_FAMILY_PRE_SOLVER_PREVIEW.png",
  "next_gate": "static, geometry-only and one-trace runtime audit; no training export"
}
