{
  "trace_count": 128,
  "trace_var": 1.9812440872192383,
  "trace_var_mean": 1.0716871401294839,
  "dead_trace_ratio": 0.0,
  "target_local_peak_median": 0.9873605824301589,
  "support_ratio": 0.9296875,
  "peak_offset_median_ns": -0.09904479980471592,
  "peak_offset_std_ns": 2.3952762276442985,
  "early_over_target": 35.00629401588548,
  "shallow_over_target": 0.11926503678249542,
  "mid_over_target": 0.039432360714754186,
  "post_over_target": 0.0129375403994904,
  "has_dominant_X": 0,
  "label_alignment_ok": 1,
  "polarity_match": 0,
  "qc_grade": "GREEN",
  "search_lo_sample": 224,
  "search_hi_sample": 322,
  "vis_min_ns": 363.0202941894531,
  "vis_max_ns": 400.4923400878906
}