{
  "case_id": "FORMAL01_BEDROCK_DENSE_WINDOW_F0_BASELINE",
  "trace_count": 8,
  "time_samples": 11025,
  "dt_ns": 0.0589663584187421,
  "reference_arrival_ns": [
    370.893310546875,
    369.64886474609375,
    368.2935791015625,
    366.9263610839844,
    365.6365966796875,
    364.4859313964844,
    363.4998779296875,
    362.6640930175781
  ],
  "full_minus_control_peak_ns": [
    394.190106029291,
    390.88798995784134,
    387.5269075279731,
    387.2910420942981,
    387.1141430190419,
    386.8782775853669,
    386.5834457932732,
    386.2886140011795
  ],
  "reference_to_peak_offset_ns": [
    23.296795482415973,
    21.23912521174759,
    19.233328426410594,
    20.364681010313745,
    21.477546339354376,
    22.392346188882527,
    23.0835678635857,
    23.62452098360137
  ],
  "scales": {
    "raw receiver field (late-window display scale)": 0.12267030224204006,
    "background removed + t^1.5": 0.005844056101171674,
    "signed full - no-basal": 0.018691678771915663
  }
}
