{
  "case_id": "FORMAL01_BEDROCK_DENSE_WINDOW_F3_COMBINED",
  "trace_count": 32,
  "time_samples": 11025,
  "dt_ns": 0.0589663584187421,
  "reference_arrival_ns": [
    370.4035949707031,
    369.0398864746094,
    367.5495910644531,
    366.0416259765625,
    364.6166076660156,
    363.3461608886719,
    362.26361083984375,
    361.358154296875,
    360.5821533203125,
    359.8685302734375,
    359.1664733886719,
    358.4757080078125,
    357.8599853515625,
    357.41534423828125,
    357.2231750488281,
    357.310546875,
    357.6307678222656,
    358.0907287597656,
    358.596435546875,
    359.0948791503906,
    359.58172607421875,
    360.0819396972656,
    360.61773681640625,
    361.1925964355469,
    361.792724609375,
    362.4104309082031,
    363.06475830078125,
    363.80255126953125,
    364.6828918457031,
    365.7501220703125,
    367.0140075683594,
    368.43365478515625
  ],
  "full_minus_control_peak_ns": [
    346.7811538606223,
    346.7811538606223,
    346.7811538606223,
    346.7811538606223,
    346.7811538606223,
    346.7811538606223,
    346.7811538606223,
    346.7811538606223,
    346.07355755959736,
    346.07355755959736,
    346.07355755959736,
    346.07355755959736,
    346.07355755959736,
    346.07355755959736,
    346.07355755959736,
    346.07355755959736,
    346.07355755959736,
    346.07355755959736,
    346.07355755959736,
    346.07355755959736,
    346.07355755959736,
    346.07355755959736,
    346.07355755959736,
    346.07355755959736,
    346.07355755959736,
    346.66322114378477,
    346.66322114378477,
    346.66322114378477,
    346.66322114378477,
    346.66322114378477,
    346.66322114378477,
    346.66322114378477
  ],
  "reference_to_peak_offset_ns": [
    -23.622441110080842,
    -22.258732613987092,
    -20.768437203830842,
    -19.260472115940217,
    -17.835453805393342,
    -16.565007028049592,
    -15.482456979221467,
    -14.577000436252717,
    -14.508595760715139,
    -13.794972713840139,
    -13.092915829074514,
    -12.402150448215139,
    -11.786427791965139,
    -11.341786678683889,
    -11.149617489230764,
    -11.236989315402639,
    -11.557210262668264,
    -12.017171200168264,
    -12.522877987277639,
    -13.021321590793264,
    -13.508168514621389,
    -14.008382137668264,
    -14.544179256808889,
    -15.119038875949514,
    -15.719167049777639,
    -15.747209764418358,
    -16.401537156996483,
    -17.139330125746483,
    -18.019670701918358,
    -19.086900926527733,
    -20.350786424574608,
    -21.770433641371483
  ],
  "peak_source": "path-constrained signed-pair candidate",
  "scales": {
    "raw receiver field (late-window display scale)": 0.1614015618711715,
    "background removed + t^1.5": 0.006346070568816173,
    "signed full - no-basal": 0.013216145992046225
  }
}
