{
  "case_id": "FORMAL01_BEDROCK_DENSE_WINDOW_F2_TRANSITION_VARIATION",
  "development_only": true,
  "formal_training_allowed": false,
  "trace_count": 32,
  "dt_ns": 0.0589663584187421,
  "metrics": {
    "visible_phase_peak_ns": [
      410.2879218776075,
      410.5237873112825,
      410.70068638653873,
      410.877585461795,
      411.1134508954699,
      411.34931632914487,
      411.58518176281984,
      411.88001355491355,
      412.0569126301698,
      412.29277806384476,
      412.52864349751974,
      349.13980819737196,
      359.10512277013936,
      359.04615641172063,
      359.04615641172063,
      359.10512277013936,
      359.10512277013936,
      359.04615641172063,
      359.04615641172063,
      359.04615641172063,
      359.10512277013936,
      359.1640891285581,
      359.1640891285581,
      359.2230554869768,
      359.2230554869768,
      368.3628410418819,
      368.3628410418819,
      368.30387468346316,
      368.24490832504443,
      359.45892092065185,
      359.5178872790706,
      419.84047194144375
    ],
    "visible_phase_offset_from_geometric_ns": [
      39.88432690690439,
      41.483900836673115,
      43.15109532208561,
      44.83595948523248,
      46.49684322945427,
      48.003155440472995,
      49.32157092297609,
      50.521859258038546,
      51.47475930985729,
      52.424247790407264,
      53.36217010884786,
      -9.335899810440537,
      1.24513741857686,
      1.6308121734393808,
      1.8229813628925058,
      1.79457589513936,
      1.474354947873735,
      0.9554276519550058,
      0.4497208648456308,
      -0.048722738669994214,
      -0.47660330407939,
      -0.9178505687075358,
      -1.4536476878481608,
      -1.9695409485700566,
      -2.5696691223981816,
      5.952410133678768,
      5.298082741100643,
      4.501323413931914,
      3.5620164793413096,
      -6.291201149660651,
      -7.496120289288797,
      51.4068171562875
    ],
    "target_to_adjacent_difference_rms": 2.4611362917484847,
    "peak_amplitude_median": 0.01971910766678775,
    "dropout_fraction_below_25pct_median": 0.0,
    "adjacent_peak_time_step_abs_ns_median": 0.058966358418729214,
    "adjacent_peak_time_step_abs_ns_p95": 35.143949617570286,
    "adjacent_wavelet_correlation_median": 0.9970836376306452,
    "adjacent_wavelet_correlation_p10": 0.6367739802080453,
    "weak_adjacent_correlation_fraction_below_0_5": 0.06451612903225806,
    "geometric_to_visible_offset_ns_median": 2.6924989211169077,
    "geometric_to_visible_offset_ns_p95_abs": 51.90202912610478,
    "path_constrained_signed_difference_peak_ns": [
      359.3999545622331,
      359.3999545622331,
      359.3999545622331,
      359.3999545622331,
      359.3999545622331,
      359.3999545622331,
      359.3999545622331,
      359.3999545622331,
      359.3999545622331,
      359.3999545622331,
      359.3999545622331,
      359.3999545622331,
      359.3999545622331,
      358.9871900533019,
      358.9871900533019,
      358.9871900533019,
      358.9871900533019,
      358.9871900533019,
      358.9871900533019,
      358.9871900533019,
      358.9871900533019,
      358.9871900533019,
      359.45892092065185,
      359.45892092065185,
      359.45892092065185,
      359.45892092065185,
      359.45892092065185,
      359.45892092065185,
      359.45892092065185,
      359.45892092065185,
      359.45892092065185,
      359.45892092065185
    ],
    "path_constrained_offset_from_geometric_ns": [
      -11.003640408470005,
      -9.639931912376255,
      -8.149636502220005,
      -6.64167141432938,
      -5.216653103782505,
      -3.9462063264387552,
      -2.8636562776106302,
      -1.9581997346418802,
      -1.1821987580793802,
      -0.46857571120438024,
      0.23348117356124476,
      0.9242465544206198,
      1.5399692106706198,
      1.5718458150206516,
      1.7640150044737766,
      1.6766431783019016,
      1.3564222310362766,
      0.8964612935362766,
      0.39075450642690157,
      -0.10768909708872343,
      -0.5945360209168484,
      -1.0947496439637234,
      -1.158815895754401,
      -1.733675514895026,
      -2.333803688723151,
      -2.951509987551276,
      -3.605837380129401,
      -4.343630348879401,
      -5.223970925051276,
      -6.291201149660651,
      -7.555086647707526,
      -8.974733864504401
    ],
    "path_adjacent_time_step_abs_ns_median": 0.0,
    "path_adjacent_time_step_abs_ns_p95": 0.2063822544656091,
    "path_adjacent_wavelet_correlation_median": 0.9983620363854195,
    "path_adjacent_wavelet_correlation_p10": 0.9964726385479284,
    "path_weak_adjacent_correlation_fraction_below_0_5": 0.0
  },
  "status": "descriptive only; visible-phase candidates require human review before any label use"
}
