{
  "case_id": "FORMAL01_BEDROCK_DENSE_WINDOW_F1_CORRELATED_COVER",
  "trace_count": 32,
  "time_samples": 11025,
  "dt_ns": 0.0589663584187421,
  "reference_arrival_ns": [
    370.893310546875,
    369.64886474609375,
    368.2935791015625,
    366.9263610839844,
    365.6365966796875,
    364.4859313964844,
    363.4998779296875,
    362.6640930175781,
    361.93145751953125,
    361.2397766113281,
    360.545654296875,
    359.85833740234375,
    359.25054931640625,
    358.8258056640625,
    358.67047119140625,
    358.81298828125,
    359.2051086425781,
    359.7491455078125,
    360.3452453613281,
    360.93341064453125,
    361.5032653808594,
    362.074462890625,
    362.6657409667969,
    363.2783508300781,
    363.8977966308594,
    364.5161437988281,
    365.1524353027344,
    365.8535461425781,
    366.6786193847656,
    367.67205810546875,
    368.8443908691406,
    370.1562194824219
  ],
  "full_minus_control_peak_ns": [
    397.8460202512529,
    396.6077267244593,
    396.6077267244593,
    395.19253412240954,
    393.71837516194097,
    392.59801435198494,
    392.59801435198494,
    392.59801435198494,
    392.59801435198494,
    392.0083507677975,
    392.0083507677975,
    392.0083507677975,
    392.0083507677975,
    391.59558625886626,
    391.59558625886626,
    391.59558625886626,
    392.12628348463494,
    392.12628348463494,
    392.12628348463494,
    392.12628348463494,
    392.12628348463494,
    392.12628348463494,
    392.12628348463494,
    392.7159470688224,
    392.7159470688224,
    393.3056106530098,
    393.3056106530098,
    393.3056106530098,
    393.3056106530098,
    393.3056106530098,
    393.3056106530098,
    393.3056106530098
  ],
  "reference_to_peak_offset_ns": [
    26.952709704377924,
    26.958861978365576,
    28.314147622896826,
    28.266173038425165,
    28.08177848225347,
    28.11208295550057,
    29.098136422297443,
    29.93392133440682,
    30.666556832453693,
    30.768574156469356,
    31.46269647092248,
    32.15001336545373,
    32.75780145139123,
    32.76978059480376,
    32.92511506746001,
    32.78259797761626,
    32.921174842056814,
    32.37713797682244,
    31.781038123306814,
    31.19287284010369,
    30.623018103775564,
    30.05182059400994,
    29.460542517838064,
    29.437596238744277,
    28.818150437963027,
    28.789466854181683,
    28.153175350275433,
    27.452064510431683,
    26.626991268244183,
    25.633552547541058,
    24.461219783869183,
    23.149391170587933
  ],
  "peak_source": "path-constrained signed-pair candidate",
  "scales": {
    "raw receiver field (late-window display scale)": 0.16140431828796895,
    "background removed + t^1.5": 0.01028721121814251,
    "signed full - no-basal": 0.01917612621851732
  }
}
