{
  "case_id": "FORMAL01_BEDROCK_DENSE_WINDOW_F2_TRANSITION_VARIATION",
  "trace_count": 32,
  "time_samples": 11025,
  "dt_ns": 0.0589663584187421,
  "reference_arrival_ns": [
    370.4035949707031,
    369.0398864746094,
    367.5495910644531,
    366.0416259765625,
    364.6166076660156,
    363.3461608886719,
    362.26361083984375,
    361.358154296875,
    360.5821533203125,
    359.8685302734375,
    359.1664733886719,
    358.4757080078125,
    357.8599853515625,
    357.41534423828125,
    357.2231750488281,
    357.310546875,
    357.6307678222656,
    358.0907287597656,
    358.596435546875,
    359.0948791503906,
    359.58172607421875,
    360.0819396972656,
    360.61773681640625,
    361.1925964355469,
    361.792724609375,
    362.4104309082031,
    363.06475830078125,
    363.80255126953125,
    364.6828918457031,
    365.7501220703125,
    367.0140075683594,
    368.43365478515625
  ],
  "full_minus_control_peak_ns": [
    359.3999545622331,
    359.3999545622331,
    359.3999545622331,
    359.3999545622331,
    359.3999545622331,
    359.3999545622331,
    359.3999545622331,
    359.3999545622331,
    359.3999545622331,
    359.3999545622331,
    359.3999545622331,
    359.3999545622331,
    359.3999545622331,
    358.9871900533019,
    358.9871900533019,
    358.9871900533019,
    358.9871900533019,
    358.9871900533019,
    358.9871900533019,
    358.9871900533019,
    358.9871900533019,
    358.9871900533019,
    359.45892092065185,
    359.45892092065185,
    359.45892092065185,
    359.45892092065185,
    359.45892092065185,
    359.45892092065185,
    359.45892092065185,
    359.45892092065185,
    359.45892092065185,
    359.45892092065185
  ],
  "reference_to_peak_offset_ns": [
    -11.003640408470005,
    -9.639931912376255,
    -8.149636502220005,
    -6.64167141432938,
    -5.216653103782505,
    -3.9462063264387552,
    -2.8636562776106302,
    -1.9581997346418802,
    -1.1821987580793802,
    -0.46857571120438024,
    0.23348117356124476,
    0.9242465544206198,
    1.5399692106706198,
    1.5718458150206516,
    1.7640150044737766,
    1.6766431783019016,
    1.3564222310362766,
    0.8964612935362766,
    0.39075450642690157,
    -0.10768909708872343,
    -0.5945360209168484,
    -1.0947496439637234,
    -1.158815895754401,
    -1.733675514895026,
    -2.333803688723151,
    -2.951509987551276,
    -3.605837380129401,
    -4.343630348879401,
    -5.223970925051276,
    -6.291201149660651,
    -7.555086647707526,
    -8.974733864504401
  ],
  "peak_source": "path-constrained signed-pair candidate",
  "scales": {
    "raw receiver field (late-window display scale)": 0.14082012228667928,
    "background removed + t^1.5": 0.006249814023673701,
    "signed full - no-basal": 0.016659224439099493
  }
}
