{
  "case_id": "FORMAL01_BEDROCK_DENSE_WINDOW_F0_BASELINE",
  "trace_count": 256,
  "time_samples": 11025,
  "dt_ns": 0.0589663584187421,
  "reference_arrival_ns": [
    370.893310546875,
    369.64886474609375,
    368.2935791015625,
    366.9263610839844,
    365.6365966796875,
    364.4859313964844,
    363.4998779296875,
    362.6640930175781,
    361.93145751953125,
    361.2397766113281,
    360.545654296875,
    359.85833740234375,
    359.25054931640625,
    358.8258056640625,
    358.67047119140625,
    358.81298828125,
    359.2051086425781,
    359.7491455078125,
    360.3452453613281,
    360.93341064453125,
    361.5032653808594,
    362.074462890625,
    362.6657409667969,
    363.2783508300781,
    363.8977966308594,
    364.5161437988281,
    365.1524353027344,
    365.8535461425781,
    366.6786193847656,
    367.67205810546875,
    368.8443908691406,
    370.1562194824219,
    371.523681640625,
    372.84130859375,
    374.0068054199219,
    374.9510192871094,
    375.6504821777344,
    376.1280212402344,
    376.44305419921875,
    376.668212890625,
    376.8665466308594,
    377.0806884765625,
    377.3279113769531,
    377.60736083984375,
    377.9110412597656,
    378.2253112792969,
    378.5332946777344,
    378.8171081542969,
    379.0572204589844,
    379.2294006347656,
    379.2951965332031,
    379.20001220703125,
    378.88006591796875,
    378.27996826171875,
    377.3802490234375,
    376.208740234375,
    374.84173583984375,
    373.39093017578125,
    371.9804382324219,
    370.7272644042969,
    369.7135009765625,
    368.962646484375,
    368.43817138671875,
    368.0577392578125,
    367.7303161621094,
    367.3891906738281,
    367.0173034667969,
    366.6466369628906,
    366.33819580078125,
    366.1589660644531,
    366.1548156738281,
    366.3390808105469,
    366.6828308105469,
    367.1189880371094,
    367.5587158203125,
    367.9227600097656,
    368.1678771972656,
    368.3035583496094,
    368.392578125,
    368.5279541015625,
    368.81109619140625,
    369.3214416503906,
    370.0951843261719,
    371.11474609375,
    372.31005859375,
    373.5882263183594,
    374.86260986328125,
    376.0824279785156,
    377.2393798828125,
    378.3523864746094,
    379.44293212890625,
    380.5155029296875,
    381.5538024902344,
    382.5400695800781,
    383.4660339355469,
    384.3372497558594,
    385.15655517578125,
    385.91436767578125,
    386.57965087890625,
    387.11712646484375,
    387.4963073730469,
    387.7100524902344,
    387.7779541015625,
    387.740234375,
    387.6461181640625,
    387.5294494628906,
    387.3947448730469,
    387.21136474609375,
    386.9372863769531,
    386.5489196777344,
    386.06146240234375,
    385.52569580078125,
    385.000732421875,
    384.5214538574219,
    384.0793762207031,
    383.6351318359375,
    383.15283203125,
    382.628173828125,
    382.10302734375,
    381.6549987792969,
    381.3670959472656,
    381.2937316894531,
    381.4349670410156,
    381.7355651855469,
    382.11566162109375,
    382.5077209472656,
    382.8854064941406,
    383.2685241699219,
    383.6908264160156,
    384.1674499511719,
    384.672119140625,
    385.1486511230469,
    385.5496520996094,
    385.86077880859375,
    386.119140625,
    386.3879089355469,
    386.7268371582031,
    387.1702575683594,
    387.71881103515625,
    388.359130859375,
    389.0662841796875,
    389.80059814453125,
    390.5034484863281,
    391.102294921875,
    391.5422668457031,
    391.82598876953125,
    392.0195007324219,
    392.2271423339844,
    392.53369140625,
    392.9466552734375,
    393.3906555175781,
    393.7378234863281,
    393.8777770996094,
    393.77374267578125,
    393.4720458984375,
    393.07867431640625,
    392.7091979980469,
    392.4451904296875,
    392.31488037109375,
    392.299560546875,
    392.3428039550781,
    392.3708190917969,
    392.30584716796875,
    392.08441162109375,
    391.6861572265625,
    391.1422424316406,
    390.52764892578125,
    389.9227294921875,
    389.3759765625,
    388.89031982421875,
    388.4261779785156,
    387.92694091796875,
    387.3365783691406,
    386.612548828125,
    385.732421875,
    384.69647216796875,
    383.536376953125,
    382.3152770996094,
    381.1233825683594,
    380.06500244140625,
    379.22711181640625,
    378.6458740234375,
    378.2888488769531,
    378.06298828125,
    377.8539733886719,
    377.5668640136719,
    377.16302490234375,
    376.6612854003906,
    376.1241760253906,
    375.6241760253906,
    375.2170104980469,
    374.9192810058594,
    374.70458984375,
    374.51239013671875,
    374.26763916015625,
    373.9080810546875,
    373.404541015625,
    372.777099609375,
    372.08563232421875,
    371.41290283203125,
    370.8409729003906,
    370.4352722167969,
    370.2323913574219,
    370.233642578125,
    370.39556884765625,
    370.62823486328125,
    370.81524658203125,
    370.85247802734375,
    370.6861877441406,
    370.33685302734375,
    369.8849792480469,
    369.4439392089844,
    369.1235656738281,
    369.0147399902344,
    369.1759948730469,
    369.6283264160156,
    370.34173583984375,
    371.2381591796875,
    372.20159912109375,
    373.10980224609375,
    373.86419677734375,
    374.4133605957031,
    374.7596130371094,
    374.9515380859375,
    375.0556945800781,
    375.13800048828125,
    375.2365417480469,
    375.3588562011719,
    375.4834899902344,
    375.5773010253906,
    375.6151123046875,
    375.5849914550781,
    375.4953308105469,
    375.37030029296875,
    375.23687744140625,
    375.1044616699219,
    374.9500732421875,
    374.71514892578125,
    374.3302917480469,
    373.74517822265625,
    372.95782470703125,
    372.0263366699219,
    371.0535888671875,
    370.1533508300781,
    369.4120178222656,
    368.86376953125,
    368.4857482910156,
    368.2228088378906,
    368.0151062011719,
    367.8368225097656,
    367.70263671875,
    367.6578674316406,
    367.75042724609375,
    368.0010070800781,
    368.38372802734375,
    368.8307189941406
  ],