{
  "case_id": "FORMAL01_BEDROCK_DENSE_WINDOW_F3_COMBINED",
  "development_only": true,
  "formal_training_allowed": false,
  "trace_count": 32,
  "dt_ns": 0.0589663584187421,
  "metrics": {
    "visible_phase_peak_ns": [
      407.33960395667043,
      407.5165030319266,
      407.69340210718286,
      407.8703011824391,
      408.04720025769535,
      408.22409933295154,
      408.4009984082078,
      408.6958302003015,
      408.8727292755577,
      409.0496283508139,
      409.28549378448895,
      409.52135921816387,
      409.6982582934201,
      409.9341237270951,
      410.1110228023513,
      410.34688823602625,
      346.07355755959736,
      346.07355755959736,
      346.13252391801615,
      346.07355755959736,
      346.13252391801615,
      402.62229528317107,
      399.3791455701402,
      399.3791455701402,
      399.43811192855895,
      399.43811192855895,
      399.49707828697774,
      399.49707828697774,
      399.43811192855895,
      346.66322114378477,
      346.7811538606223,
      346.840120219041
    ],
    "visible_phase_offset_from_geometric_ns": [
      36.936008985967305,
      38.47661655731724,
      40.14381104272974,
      41.82867520587661,
      43.430592591679726,
      44.877938444279664,
      46.13738756836403,
      47.33767590342649,
      48.290575955245174,
      49.18109807737642,
      50.119020395817074,
      51.045651210351366,
      51.83827294185761,
      52.518779488813834,
      52.88784775352315,
      53.036341361026246,
      -11.557210262668264,
      -12.017171200168264,
      -12.463911628858853,
      -13.021321590793264,
      -13.449202156202603,
      42.540355585905445,
      38.761408753733974,
      38.18654913459335,
      37.64538731918395,
      37.02768102035583,
      36.43231998619649,
      35.69452701744649,
      34.75522008285583,
      -19.086900926527733,
      -20.232853707737092,
      -21.59353456611524
    ],
    "target_to_adjacent_difference_rms": 2.2525299603512265,
    "peak_amplitude_median": 0.017768059675290715,
    "dropout_fraction_below_25pct_median": 0.0,
    "adjacent_peak_time_step_abs_ns_median": 0.17689907525618764,
    "adjacent_peak_time_step_abs_ns_p95": 54.632331074964554,
    "adjacent_wavelet_correlation_median": 0.9812709942095575,
    "adjacent_wavelet_correlation_p10": 0.374712986351103,
    "weak_adjacent_correlation_fraction_below_0_5": 0.12903225806451613,
    "geometric_to_visible_offset_ns_median": 38.61901265552561,
    "geometric_to_visible_offset_ns_p95_abs": 52.68486020793303,
    "path_constrained_signed_difference_peak_ns": [
      346.7811538606223,
      346.7811538606223,
      346.7811538606223,
      346.7811538606223,
      346.7811538606223,
      346.7811538606223,
      346.7811538606223,
      346.7811538606223,
      346.07355755959736,
      346.07355755959736,
      346.07355755959736,
      346.07355755959736,
      346.07355755959736,
      346.07355755959736,
      346.07355755959736,
      346.07355755959736,
      346.07355755959736,
      346.07355755959736,
      346.07355755959736,
      346.07355755959736,
      346.07355755959736,
      346.07355755959736,
      346.07355755959736,
      346.07355755959736,
      346.07355755959736,
      346.66322114378477,
      346.66322114378477,
      346.66322114378477,
      346.66322114378477,
      346.66322114378477,
      346.66322114378477,
      346.66322114378477
    ],
    "path_constrained_offset_from_geometric_ns": [
      -23.622441110080842,
      -22.258732613987092,
      -20.768437203830842,
      -19.260472115940217,
      -17.835453805393342,
      -16.565007028049592,
      -15.482456979221467,
      -14.577000436252717,
      -14.508595760715139,
      -13.794972713840139,
      -13.092915829074514,
      -12.402150448215139,
      -11.786427791965139,
      -11.341786678683889,
      -11.149617489230764,
      -11.236989315402639,
      -11.557210262668264,
      -12.017171200168264,
      -12.522877987277639,
      -13.021321590793264,
      -13.508168514621389,
      -14.008382137668264,
      -14.544179256808889,
      -15.119038875949514,
      -15.719167049777639,
      -15.747209764418358,
      -16.401537156996483,
      -17.139330125746483,
      -18.019670701918358,
      -19.086900926527733,
      -20.350786424574608,
      -21.770433641371483
    ],
    "path_adjacent_time_step_abs_ns_median": 0.0,
    "path_adjacent_time_step_abs_ns_p95": 0.2948317920937029,
    "path_adjacent_wavelet_correlation_median": 0.9989849298566009,
    "path_adjacent_wavelet_correlation_p10": 0.9977504785735194,
    "path_weak_adjacent_correlation_fraction_below_0_5": 0.0
  },
  "status": "descriptive only; visible-phase candidates require human review before any label use"
}
