{
  "case_id": "FORMAL01_BEDROCK_DENSE_WINDOW_F1_CORRELATED_COVER",
  "development_only": true,
  "formal_training_allowed": false,
  "trace_count": 32,
  "dt_ns": 0.0589663584187421,
  "metrics": {
    "visible_phase_peak_ns": [
      382.6326997792175,
      382.278901628705,
      381.86613711977384,
      396.13599585710944,
      395.90013042343446,
      395.782197706597,
      395.6642649897595,
      395.54633227292203,
      392.3621489183099,
      392.24421620147245,
      385.93481585066706,
      385.7579167754108,
      385.5810177001546,
      408.8727292755577,
      408.81376291713894,
      408.6958302003015,
      408.577897483464,
      408.4009984082078,
      380.68680995139897,
      380.3919781593053,
      402.15056441582107,
      402.0326316989836,
      411.05448453705117,
      410.9365518202137,
      410.75965274495746,
      410.64172002812,
      410.4648209528637,
      393.3056106530098,
      393.36457701142854,
      420.4301355256312,
      419.9584046582812,
      419.54564014935005
    ],
    "visible_phase_offset_from_geometric_ns": [
      11.73938923234249,
      12.63003688261125,
      13.572558018211339,
      29.20963477312506,
      30.26353374374696,
      31.296266310112628,
      32.16438706007199,
      32.882239255343904,
      30.430691398778663,
      31.00443959014433,
      25.389161553792064,
      25.89957937306707,
      26.330468383748325,
      50.046923611495174,
      50.143291725732695,
      49.88284191905149,
      49.3727888408859,
      48.65185290039528,
      20.341564590070845,
      19.458567514774074,
      40.64729903496169,
      39.95816880835861,
      48.38874357025429,
      47.65820099013558,
      46.86185611409809,
      46.12557622929188,
      45.31238565012933,
      27.452064510431683,
      26.685957626662912,
      52.758077420162465,
      51.114013789140586,
      49.389420666928174
    ],
    "target_to_adjacent_difference_rms": 2.678690070975418,
    "peak_amplitude_median": 0.024258868565084413,
    "dropout_fraction_below_25pct_median": 0.0,
    "adjacent_peak_time_step_abs_ns_median": 0.17689907525630133,
    "adjacent_peak_time_step_abs_ns_p95": 25.17863504480289,
    "adjacent_wavelet_correlation_median": 0.965446285375297,
    "adjacent_wavelet_correlation_p10": -0.7219624347496335,
    "weak_adjacent_correlation_fraction_below_0_5": 0.22580645161290322,
    "geometric_to_visible_offset_ns_median": 32.523313157707946,
    "geometric_to_visible_offset_ns_p95_abs": 50.58011665426625,
    "path_constrained_signed_difference_peak_ns": [
      397.8460202512529,
      396.6077267244593,
      396.6077267244593,
      395.19253412240954,
      393.71837516194097,
      392.59801435198494,
      392.59801435198494,
      392.59801435198494,
      392.59801435198494,
      392.0083507677975,
      392.0083507677975,
      392.0083507677975,
      392.0083507677975,
      391.59558625886626,
      391.59558625886626,
      391.59558625886626,
      392.12628348463494,
      392.12628348463494,
      392.12628348463494,
      392.12628348463494,
      392.12628348463494,
      392.12628348463494,
      392.12628348463494,
      392.7159470688224,
      392.7159470688224,
      393.3056106530098,
      393.3056106530098,
      393.3056106530098,
      393.3056106530098,
      393.3056106530098,
      393.3056106530098,
      393.3056106530098
    ],
    "path_constrained_offset_from_geometric_ns": [
      26.952709704377924,
      26.958861978365576,
      28.314147622896826,
      28.266173038425165,
      28.08177848225347,
      28.11208295550057,
      29.098136422297443,
      29.93392133440682,
      30.666556832453693,
      30.768574156469356,
      31.46269647092248,
      32.15001336545373,
      32.75780145139123,
      32.76978059480376,
      32.92511506746001,
      32.78259797761626,
      32.921174842056814,
      32.37713797682244,
      31.781038123306814,
      31.19287284010369,
      30.623018103775564,
      30.05182059400994,
      29.460542517838064,
      29.437596238744277,
      28.818150437963027,
      28.789466854181683,
      28.153175350275433,
      27.452064510431683,
      26.626991268244183,
      25.633552547541058,
      24.461219783869183,
      23.149391170587933
    ],
    "path_adjacent_time_step_abs_ns_median": 0.0,
    "path_adjacent_time_step_abs_ns_p95": 1.3267430644216915,
    "path_adjacent_wavelet_correlation_median": 0.9557848598610489,
    "path_adjacent_wavelet_correlation_p10": 0.6376668828885242,
    "path_weak_adjacent_correlation_fraction_below_0_5": 0.06451612903225806
  },
  "status": "descriptive only; visible-phase candidates require human review before any label use"
}
