{
  "contract_id": "PGDA_BASAL_SHAPE_FAMILY_PILOT_V1",
  "scene_family_id": "BS04_GENTLE_MULTISCALE",
  "shape_name": "gentle_multiscale",
  "formal_training_allowed": false,
  "promotion_allowed": false,
  "line9_conditioned": false,
  "case_ids": [
    "BS04_GENTLE_MULTISCALE_POS",
    "BS04_GENTLE_MULTISCALE_MATCHED_NEG"
  ],
  "shared_geometry_sha256": "47ed29dcdcb5c53e1b632e8f27efe5d1692ad2195f28e206d15b7184b1502935",
  "shared_geometry_array_sha256": "5b1bfda289e0832e27b5bd91db1241b858a4861ed6aa240c518523d8e9edd1e4",
  "exact_negative_equivalence": true,
  "profile_shape_gate": {
    "accepted_seed": 2026072031,
    "attempt": 0,
    "scan_depth_min_m": 14.454251289367676,
    "scan_depth_median_m": 14.777041912078857,
    "scan_depth_max_m": 15.03241777420044,
    "scan_depth_range_m": 0.5781664848327637,
    "smoothed_extrema_count": 6,
    "quadratic_fit_r2": 0.079675972707688,
    "abs_slope_p95": 0.14601399772609683,
    "broad_shape_gate_ok": true,
    "shape_name": "gentle_multiscale",
    "shape_family_role": "natural_multiscale"
  },
  "cover_field_statistics": {
    "seed": 2026072001,
    "coarse_shape": [
      1349,
      267
    ],
    "correlation_scales_m": {
      "long_xy": [
        9.0,
        3.0
      ],
      "meso_xy": [
        2.4,
        1.2
      ],
      "local_xy": [
        0.75,
        0.45
      ]
    },
    "component_weights": [
      0.55,
      0.3,
      0.15
    ],
    "used_bins": 32,
    "horizontal_neighbor_bin_change_rate": 0.058862407292954264,
    "vertical_neighbor_bin_change_rate": 0.11224285911607869,
    "vertical_spectral_peak_fraction_in_scan_cover": 0.40505038886150785,
    "quantile_thresholds": [
      -1.9138888120651245,
      -1.5257680416107178,
      -1.281114101409912,
      -1.1102052927017212,
      -0.973161518573761,
      -0.8530131578445435,
      -0.7418402433395386,
      -0.640512228012085,
      -0.550937294960022,
      -0.46817418932914734,
      -0.38928771018981934,
      -0.3098396360874176,
      -0.2330612987279892,
      -0.15801569819450378,
      -0.08356674760580063,
      -0.007748041767627001,
      0.06947765499353409,
      0.1492210030555725,
      0.22929708659648895,
      0.30761927366256714,
      0.3875665068626404,
      0.4717671871185303,
      0.5613550543785095,
      0.6576763987541199,
      0.7601308822631836,
      0.8712338805198669,
      0.9947900176048279,
      1.1359622478485107,
      1.3096181154251099,
      1.5291498899459839,
      1.8630552291870117
    ],
    "sinusoidal_stratigraphy": false,
    "isolated_inclusions": 0,
    "point_targets": 0,
    "vertical_partitions": 0
  },
  "preview": "BS04_GENTLE_MULTISCALE_GEOMETRY_PREVIEW.png",
  "next_gate": "static and geometry-only audit, then one-trace full/no-basal pair"
}
