{
  "trace_count": 128,
  "trace_var": 1.7405139207839966,
  "trace_var_mean": 0.9760067191023367,
  "dead_trace_ratio": 0.0,
  "target_local_peak_median": 0.9291361438311433,
  "support_ratio": 0.9296875,
  "peak_offset_median_ns": -0.23094787597656818,
  "peak_offset_std_ns": 2.421440229852356,
  "early_over_target": 39.89154629865519,
  "shallow_over_target": 0.07151895056101507,
  "mid_over_target": 0.04263792839273531,
  "post_over_target": 0.007962403210763707,
  "has_dominant_X": 0,
  "label_alignment_ok": 1,
  "polarity_match": 0,
  "qc_grade": "GREEN",
  "search_lo_sample": 229,
  "search_hi_sample": 329,
  "vis_min_ns": 370.826904296875,
  "vis_max_ns": 411.0600891113281
}