{
  "MACRO04_DEEPER_GENTLE_DROPOUT_DIAGNOSTIC": {
    "trace_count": 128,
    "scan_length_m": 215.89999389648438,
    "curve_min_ns": 389.20001220703125,
    "curve_max_ns": 422.79998779296875,
    "curve_range_ns": 33.5999755859375,
    "curve_extrema_count": 0,
    "curve_abs_slope_p95_ns_per_m": 1.2352981567382812,
    "curve_abs_curvature_p95_ns_per_m2": 0.24221575260162354,
    "target_envelope_cv": 0.3921132981777191,
    "target_to_background_rms": 1.3803040981292725,
    "display_scale_p99_5_after_t3_gain": 0.00444959849817678
  },
  "Pilot 001": {
    "trace_count": 128,
    "scan_length_m": 216.141,
    "curve_min_ns": 365.1678771972656,
    "curve_max_ns": 404.6121520996094,
    "curve_range_ns": 39.44427490234375,
    "curve_extrema_count": 8,
    "curve_abs_slope_p95_ns_per_m": 1.3835456669330595,
    "curve_abs_curvature_p95_ns_per_m2": 0.27930521517992013,
    "target_envelope_cv": 0.16021569073200226,
    "target_to_background_rms": 3.8648219108581543,
    "display_scale_p99_5_after_t3_gain": 0.1139164749905466
  },
  "Line9 V15": {
    "trace_count": 128,
    "scan_length_m": 216.14060999999998,
    "curve_min_ns": 411.5998229980469,
    "curve_max_ns": 439.6001281738281,
    "curve_range_ns": 28.00030517578125,
    "curve_extrema_count": 53,
    "curve_abs_slope_p95_ns_per_m": 1.692331323846072,
    "curve_abs_curvature_p95_ns_per_m2": 0.6230721610567491,
    "target_envelope_cv": 0.4853836594897999,
    "target_to_background_rms": 2.5894770339839086,
    "display_scale_p99_5_after_t3_gain": 0.0010702965334700438
  },
  "_comparison_contract": {
    "morphology_display": "same transform with independent per-dataset P99.5 scale",
    "brightness_comparable_across_rows": false,
    "reason": "simulation, Pilot 001, and measured Line9 do not share calibrated amplitude units",
    "full_control_causal_display": "separate pair audit uses one shared physical scale"
  }
}