family,case_count,pair_count,full_raw_correlation_median,full_raw_correlation_min,full_raw_correlation_max,aligned_target_patch_correlation_median,aligned_target_patch_correlation_min,aligned_target_patch_correlation_max,label_curve_correlation_median,label_curve_correlation_min,label_curve_correlation_max
batch1_line9_style,12,66,0.9983830652869948,0.35436302749773296,0.9991911946203424,0.7646454672821572,0.6317551221744878,0.8576968844203682,0.999999999999251,0.9999906596271662,0.9999999999994348
batch3_meddepth,8,28,0.996502154574197,0.17622716684134027,0.9994900083859163,0.4979630886965397,0.25892654199596704,0.6563368101181983,0.808989950632272,0.09407761691725373,0.9896171722677103
batch3_shallow_distractor,12,66,0.8406909177523789,0.059773628897742154,0.9998555070757287,0.4211267881270635,0.16830936539905064,0.6982944749227683,0.7802551558879647,-0.3579189940419548,0.9828787846619903
