{
  "contract_id": "FORMAL09B2R1_JOINT_2D_SPECTRUM_DEVELOPMENT_V1",
  "status": "visual_candidates_only",
  "formal_training_allowed": false,
  "causal_pair_complete": false,
  "gprmax_solver_run_performed": false,
  "base_case": "FORMAL06C_SUBTLE_INTERFACE_DEVELOPMENT",
  "base_output": "data/simulations/v2/02_released_solver_evidence/FORMAL06C_SUBTLE_INTERFACE_DEVELOPMENT/development_evidence_v1/solver/distributed32_stride8/full_scene_merged.out",
  "base_output_sha256": "71a9b83fd7bd4c000aa51e443fe4b8cff06083d2a0b076a0c3f67593431e4e79",
  "seed": 2026071612,
  "synthetic_trace_spacing_m": 0.72,
  "single_factor_group": "joint temporal-frequency/spatial-frequency nuisance spectrum",
  "measured_trace_or_patch_copying": false,
  "target_corridor_excluded": true,
  "metrics": {
    "09B1-paper": {
      "noise_scale": 0.000621561762495241,
      "gain_min": 0.8139246430019869,
      "gain_median": 1.0192888746777007,
      "gain_max": 1.1559354268340132,
      "achieved_target_to_background": 4.4999999998904,
      "target_to_background": 4.4999999998904,
      "target_envelope_cv": 0.35770593411285895,
      "target_dropout_fraction": 0.0,
      "aligned_template_correlation_median": 0.5400615503143789,
      "aligned_peak_frequency_mhz": 79.36507936507937,
      "aligned_spectral_centroid_mhz": 88.10403309252936,
      "background_envelope_cv": 0.17301486921978448,
      "background_adjacent_envelope_correlation": 0.2926334315824334,
      "background_coherence_length_m": 0.72
    },
    "09B2-separable-rejected": {
      "noise_scale": 0.0005945998587687834,
      "gain_min": 0.8139246430019869,
      "gain_median": 1.0192888746777007,
      "gain_max": 1.1559354268340132,
      "achieved_target_to_background": 4.49999999992823,
      "target_to_background": 4.49999999992823,
      "target_envelope_cv": 0.3744665594262563,
      "target_dropout_fraction": 0.0,
      "aligned_template_correlation_median": 0.5394222931053825,
      "aligned_peak_frequency_mhz": 79.36507936507937,
      "aligned_spectral_centroid_mhz": 88.37756690086229,
      "background_envelope_cv": 0.2604272498445695,
      "background_adjacent_envelope_correlation": 0.08940585177072523,
      "background_coherence_length_m": 0.72
    },
    "09B2R1-joint-stationary": {
      "noise_scale": 0.0005682346282851063,
      "gain_min": 0.8220143289582353,
      "gain_median": 1.0120695275312928,
      "gain_max": 1.2710479690957297,
      "achieved_target_to_background": 4.499999999900376,
      "target_to_background": 4.499999999900376,
      "target_envelope_cv": 0.33210669912780594,
      "target_dropout_fraction": 0.0,
      "aligned_template_correlation_median": 0.6097965356598425,
      "aligned_peak_frequency_mhz": 79.36507936507937,
      "aligned_spectral_centroid_mhz": 87.33622102594526,
      "background_envelope_cv": 0.20614335360172736,
      "background_adjacent_envelope_correlation": 0.04337692472858963,
      "background_coherence_length_m": 0.72
    },
    "09B2R1-joint-nonstationary": {
      "noise_scale": 0.000559767515785708,
      "gain_min": 0.8220143289582353,
      "gain_median": 1.0120695275312928,
      "gain_max": 1.2710479690957297,
      "achieved_target_to_background": 4.499999999708054,
      "target_to_background": 4.499999999708054,
      "target_envelope_cv": 0.3244883865691248,
      "target_dropout_fraction": 0.0,
      "aligned_template_correlation_median": 0.5962004956077944,
      "aligned_peak_frequency_mhz": 79.36507936507937,
      "aligned_spectral_centroid_mhz": 87.70654493242863,
      "background_envelope_cv": 0.24865316658220757,
      "background_adjacent_envelope_correlation": 0.09904994807047744,
      "background_coherence_length_m": 0.72
    }
  },
  "blind_mapping": {
    "A": "09B1-paper",
    "B": "09B2R1-joint-stationary",
    "C": "09B2R1-joint-nonstationary",
    "D": "09B2-separable-rejected"
  },
  "visual_outputs": [
    "FORMAL09B2R1_blind_joint_spectrum.png",
    "FORMAL09B2R1_multiline_visual_comparison.png",
    "FORMAL09B2R1_joint_spectrum_audit.png"
  ],
  "joint_spectrum_contract": "FORMAL09B2R1_joint_spectrum.json",
  "next_gate": "blind human visual audit before any metadata conditioning"
}
