family,run_id,trace_index,iterations,dt_ns,signed_target_peak_time_ns,signed_target_peak_amplitude,signed_target_peak_abs,full_target_rms,control_target_rms,signed_target_rms,signed_to_full_rms,pair_complete,formal_training_allowed
BS01_FLAT_REFERENCE,SHAPE01_TRACE_01,0,10601,0.07075963010249052,433.2612151175495,-0.0022512901050504297,0.0022512901050504297,0.00028539990314326247,9.453900442361433e-05,0.00026530034824401397,0.9295740654503337,True,False
BS02_BROAD_RISE,SHAPE01_CENTER_02,128,10601,0.07075963010249052,437.5775525538014,-0.0018129992295143893,0.0018129992295143893,0.0002345704551609881,9.453900442361433e-05,0.00021678928928714762,0.9241969076555823,True,False
BS03_DOUBLE_RELIEF,SHAPE01_CENTER_03,128,10601,0.07075963010249052,434.7471673497018,-0.0015790253551131173,0.0015790253551131173,0.00022557945822961463,9.453900442361433e-05,0.00020137918154352998,0.8927195016957108,True,False
BS04_GENTLE_MULTISCALE,SHAPE01_CENTER_04,128,10601,0.07075963010249052,423.35486690320084,-0.002188570288126357,0.002188570288126357,0.00027811849485205077,9.453900442361433e-05,0.0002730556796645247,0.981796193776256,True,False
