{
  "trace_count": 128,
  "trace_var": 1.882431983947754,
  "trace_var_mean": 1.043482564426256,
  "dead_trace_ratio": 0.0,
  "target_local_peak_median": 0.9323100751644827,
  "support_ratio": 0.8984375,
  "peak_offset_median_ns": -0.5191619873046989,
  "peak_offset_std_ns": 2.478898615068347,
  "early_over_target": 35.548570477576845,
  "shallow_over_target": 0.07997322822280396,
  "mid_over_target": 0.03253974557524877,
  "post_over_target": 0.012022012384156032,
  "has_dominant_X": 0,
  "label_alignment_ok": 1,
  "polarity_match": 0,
  "qc_grade": "GREEN",
  "search_lo_sample": 222,
  "search_hi_sample": 320,
  "vis_min_ns": 361.53173828125,
  "vis_max_ns": 397.8204650878906
}